intersect_bp,f_orig_query,f_match,f_unique_to_query,f_unique_weighted,average_abund,median_abund,std_abund,filename,name,md5,f_match_orig,unique_intersect_bp,gather_result_rank,remaining_bp,query_filename,query_name,query_md5,query_bp,ksize,moltype,scaled,query_n_hashes,query_abundance,query_containment_ani,match_containment_ani,average_containment_ani,max_containment_ani,potential_false_negative,n_unique_weighted_found,sum_weighted_found,total_weighted_hashes
26000,1.8183738282853643e-06,0.06220095693779904,1.8183738282853643e-06,4.39428387983949e-05,37.88461538461539,5.5,63.87627880585124,/ceph/db/sourmash/genbank-2022.03-viral-k31.zip,"GCA_001857805.1 uncultured human fecal virus, ASM185780v1",6d148185545481a0af8705f33ddaae4d,0.06220095693779904,26000,0,150000,output_dir/fastp/JK3_2.fq.gz,JK3,a6d45d48,14298490000,31,DNA,1000,14298490,True,0.6528726707518806,0.9143031750939777,0.7835879229229292,0.9143031750939777,False,985,985,22415484
8000,5.594996394724198e-07,0.0898876404494382,5.594996394724198e-07,4.0150817176198383e-07,1.125,1.0,0.33071891388307384,/ceph/db/sourmash/genbank-2022.03-viral-k31.zip,"GCA_016918265.1 Phage FAKO05_000032F, ASM1691826v1",ef309f32d8ad5a952ec836ed5df6e495,0.0898876404494382,8000,1,142000,output_dir/fastp/JK3_2.fq.gz,JK3,a6d45d48,14298490000,31,DNA,1000,14298490,True,,,,,False,9,994,22415484
16000,1.1189992789448396e-06,0.03278688524590164,5.594996394724198e-07,8.476283626086325e-07,2.375,1.5,1.996089927833914,/ceph/db/sourmash/genbank-2022.03-viral-k31.zip,"GCA_001857825.1 uncultured human fecal virus, ASM185782v1",34484b9f9af03ab9bc48c34e2c55e8c8,0.06557377049180328,8000,2,134000,output_dir/fastp/JK3_2.fq.gz,JK3,a6d45d48,14298490000,31,DNA,1000,14298490,True,0.6427273309164291,0.9158619260813566,0.7792946284988929,0.9158619260813566,False,19,1013,22415484
5000,3.496872746702624e-07,0.027932960893854747,3.496872746702624e-07,3.122841335926541e-07,1.4,1.0,0.4898979485566356,/ceph/db/sourmash/genbank-2022.03-viral-k31.zip,"GCA_002956635.1 Campylobacter phage A11a, ASM295663v1",4d6e8acadae4735629d80bae0a69ee36,0.027932960893854747,5000,3,129000,output_dir/fastp/JK3_2.fq.gz,JK3,a6d45d48,14298490000,31,DNA,1000,14298490,True,0.6190583806909989,0.8909939212003831,0.755026150945691,0.8909939212003831,True,7,1020,22415484
4000,2.797498197362099e-07,0.04938271604938271,2.797498197362099e-07,1.7844807633865946e-07,1.0,1.0,0.0,/ceph/db/sourmash/genbank-2022.03-viral-k31.zip,"GCA_013088685.1 uncultured human fecal virus, ASM1308868v1",2d151cf071491b72f1f6a2dfa89db550,0.04938271604938271,4000,4,125000,output_dir/fastp/JK3_2.fq.gz,JK3,a6d45d48,14298490000,31,DNA,1000,14298490,True,,,,,True,4,1024,22415484
4000,2.797498197362099e-07,0.04878048780487805,2.797498197362099e-07,2.2306009542332434e-07,1.25,1.0,0.4330127018922193,/ceph/db/sourmash/genbank-2022.03-viral-k31.zip,"GCA_018535395.1 Bacteroides phage LoVEphage, ASM1853539v1",67e2e5c682c8bd91421ea178527a403f,0.04878048780487805,4000,5,121000,output_dir/fastp/JK3_2.fq.gz,JK3,a6d45d48,14298490000,31,DNA,1000,14298490,True,,,,,True,5,1029,22415484
3000,2.0981236480215743e-07,0.022058823529411766,2.0981236480215743e-07,5.085770175651795e-06,38.0,1.0,52.32590180780452,/ceph/db/sourmash/genbank-2022.03-viral-k31.zip,"GCA_009671265.1 Listeria phage WIL-3, ASM967126v1",c3b35f0ce3a24e2010f23c3e76e5c3a7,0.022058823529411766,3000,6,118000,output_dir/fastp/JK3_2.fq.gz,JK3,a6d45d48,14298490000,31,DNA,1000,14298490,True,0.6089409719576668,0.88423392336086,0.7465874476592634,0.88423392336086,True,114,1143,22415484
3000,2.0981236480215743e-07,0.06818181818181818,2.0981236480215743e-07,2.2306009542332434e-07,1.6666666666666667,1.0,0.9428090415820634,/ceph/db/sourmash/genbank-2022.03-viral-k31.zip,"GCA_013088855.1 uncultured human fecal virus, ASM1308885v1",e70ebd2c2d018b897db9d195a658f091,0.06818181818181818,3000,7,115000,output_dir/fastp/JK3_2.fq.gz,JK3,a6d45d48,14298490000,31,DNA,1000,14298490,True,,,,,True,5,1148,22415484
3000,2.0981236480215743e-07,0.20000006072304163,2.0981236480215743e-07,1.338360572539946e-07,1.0,1.0,0.0,/ceph/db/sourmash/genbank-2022.03-viral-k31.zip,"GCA_013089975.1 uncultured human fecal virus, ASM1308997v1",f61517e0d3c19256ff828399d81a652f,0.20000006072304163,3000,8,112000,output_dir/fastp/JK3_2.fq.gz,JK3,a6d45d48,14298490000,31,DNA,1000,14298490,True,,,,,True,3,1151,22415484
3000,2.0981236480215743e-07,0.1000000000000092,2.0981236480215743e-07,1.7844807633865946e-07,1.3333333333333333,1.0,0.4714045207910317,/ceph/db/sourmash/genbank-2022.03-viral-k31.zip,"GCA_013089395.1 uncultured human fecal virus, ASM1308939v1",4b26b2f48fc99a53ee485bf6b81164b9,0.1000000000000092,3000,9,109000,output_dir/fastp/JK3_2.fq.gz,JK3,a6d45d48,14298490000,31,DNA,1000,14298490,True,,,,,True,4,1155,22415484
2000,1.3987490986810494e-07,0.10526315847892492,1.3987490986810494e-07,1.338360572539946e-07,1.5,1.5,0.5,/ceph/db/sourmash/genbank-2022.03-viral-k31.zip,"GCA_013089615.1 uncultured human fecal virus, ASM1308961v1",0c7de852e6a9b72c8f7ecd94c5730db4,0.10526315847892492,2000,10,107000,output_dir/fastp/JK3_2.fq.gz,JK3,a6d45d48,14298490000,31,DNA,1000,14298490,True,,,,,True,3,1158,22415484
2000,1.3987490986810494e-07,8.382580996688881e-05,1.3987490986810494e-07,3.5689615267731893e-07,4.0,4.0,0.0,/ceph/db/sourmash/genbank-2022.03-viral-k31.zip,"GCA_002003165.1 uncultured marine virus, ASM200316v1",ebbedbb39603c34982423f706f6a4527,8.382580996688881e-05,2000,11,105000,output_dir/fastp/JK3_2.fq.gz,JK3,a6d45d48,14298490000,31,DNA,1000,14298490,True,0.6010281771528466,0.738747555338536,0.6698878662456913,0.738747555338536,True,8,1166,22415484
2000,1.3987490986810494e-07,0.057142857142857176,1.3987490986810494e-07,8.922403816932973e-08,1.0,1.0,0.0,/ceph/db/sourmash/genbank-2022.03-viral-k31.zip,"GCA_003967255.1 Escherichia phage 520873, ASM396725v1",46937f88f67eb60029ea7786e8f0dc9a,0.057142857142857176,2000,12,103000,output_dir/fastp/JK3_2.fq.gz,JK3,a6d45d48,14298490000,31,DNA,1000,14298490,True,,,,,True,2,1168,22415484
2000,1.3987490986810494e-07,0.017699115044247787,1.3987490986810494e-07,1.338360572539946e-07,1.5,1.5,0.5,/ceph/db/sourmash/genbank-2022.03-viral-k31.zip,"GCA_014488735.1 Streptococcus phage phi-SsuZKB4_rum, ASM1448873v1",d398d6c180a435520a87e0e07788d228,0.017699115044247787,2000,13,101000,output_dir/fastp/JK3_2.fq.gz,JK3,a6d45d48,14298490000,31,DNA,1000,14298490,True,0.6010281771528466,0.8779753202654941,0.7395017487091704,0.8779753202654941,True,3,1171,22415484
2000,1.3987490986810494e-07,0.022988505747126436,1.3987490986810494e-07,5.353442290159784e-07,6.0,6.0,5.0,/ceph/db/sourmash/genbank-2022.03-viral-k31.zip,"GCA_004028855.1 Cyanobacteria phage AS-1, ASM402885v1",2d260a043c5abf8dd840c810b87847bc,0.022988505747126436,2000,14,99000,output_dir/fastp/JK3_2.fq.gz,JK3,a6d45d48,14298490000,31,DNA,1000,14298490,True,,,,,True,12,1183,22415484
2000,1.3987490986810494e-07,6.80133306128001e-05,1.3987490986810494e-07,1.4275846107092757e-06,16.0,16.0,15.0,/ceph/db/sourmash/genbank-2022.03-viral-k31.zip,"GCA_002003145.1 uncultured marine virus, ASM200314v1",b7389bd607efa11f6cb82d2130f7f272,6.80133306128001e-05,2000,15,97000,output_dir/fastp/JK3_2.fq.gz,JK3,a6d45d48,14298490000,31,DNA,1000,14298490,True,0.6010281771528466,0.7337828374545753,0.667405507303711,0.7337828374545753,True,32,1215,22415484
2000,1.3987490986810494e-07,0.06451612903226024,1.3987490986810494e-07,8.922403816932973e-08,1.0,1.0,0.0,/ceph/db/sourmash/genbank-2022.03-viral-k31.zip,"GCA_000902715.1 Enterobacteria phage mEp460, ViralProj183148",3c8329672db341cd4fa0f97c5e449789,0.06451612903226024,2000,16,95000,output_dir/fastp/JK3_2.fq.gz,JK3,a6d45d48,14298490000,31,DNA,1000,14298490,True,,,,,True,2,1217,22415484
4000,2.797498197362099e-07,0.008771929824561403,1.3987490986810494e-07,1.1153004771166217e-06,12.5,12.5,8.5,/ceph/db/sourmash/genbank-2022.03-viral-k31.zip,"GCA_001857745.1 uncultured human fecal virus, ASM185774v1",0fd2345f9f01f8c0fa5b9a2cf69b12c6,0.017543859649122806,2000,17,93000,output_dir/fastp/JK3_2.fq.gz,JK3,a6d45d48,14298490000,31,DNA,1000,14298490,True,0.6146182870750859,0.8777258229670839,0.7461720550210849,0.8777258229670839,True,25,1242,22415484
2000,1.3987490986810494e-07,0.007936507936507936,1.3987490986810494e-07,1.7844807633865946e-07,2.0,2.0,1.0,/ceph/db/sourmash/genbank-2022.03-viral-k31.zip,"GCA_000871465.1 Cyprinid herpesvirus 3 strain=KHV-U, ViralProj19059",10993da4c55bdc6e446ae403a8e5a589,0.007936507936507936,2000,18,91000,output_dir/fastp/JK3_2.fq.gz,JK3,a6d45d48,14298490000,31,DNA,1000,14298490,True,0.6010281771528466,0.8555514101456471,0.7282897936492468,0.8555514101456471,True,4,1246,22415484
2000,1.3987490986810494e-07,4.284949116229245e-05,1.3987490986810494e-07,4.907322099313135e-07,5.5,5.5,4.5,/ceph/db/sourmash/genbank-2022.03-viral-k31.zip,"GCA_002003225.1 uncultured marine virus, ASM200322v1",a701f42f5ceb5e38eaef576398ed12f2,4.284949116229245e-05,2000,19,89000,output_dir/fastp/JK3_2.fq.gz,JK3,a6d45d48,14298490000,31,DNA,1000,14298490,True,0.6010281771528466,0.7229279595237427,0.6619780683382946,0.7229279595237427,True,11,1257,22415484
1000,6.993745493405247e-08,0.02564102564102564,6.993745493405247e-08,4.4612019084664866e-08,1.0,1.0,0.0,/ceph/db/sourmash/genbank-2022.03-viral-k31.zip,"GCA_013089005.1 uncultured human fecal virus, ASM1308900v1",3f95b3b2aebb8b5ee835619ee4c92b04,0.02564102564102564,1000,20,88000,output_dir/fastp/JK3_2.fq.gz,JK3,a6d45d48,14298490000,31,DNA,1000,14298490,True,,,,,True,1,1258,22415484
1000,6.993745493405247e-08,0.008264462809917356,6.993745493405247e-08,2.2306009542332434e-07,5.0,5.0,0.0,/ceph/db/sourmash/genbank-2022.03-viral-k31.zip,"GCA_021461835.1 Bovine alphaherpesvirus 2 strain=C1Z FZR, ASM2146183v1",8ebff13636684f5841f9d1c650599d2e,0.008264462809917356,1000,21,87000,output_dir/fastp/JK3_2.fq.gz,JK3,a6d45d48,14298490000,31,DNA,1000,14298490,True,0.5877385644523503,0.8566696383930442,0.7222041014226972,0.8566696383930442,True,5,1263,22415484
1000,6.993745493405247e-08,0.004784688995215311,6.993745493405247e-08,8.922403816932973e-08,2.0,2.0,0.0,/ceph/db/sourmash/genbank-2022.03-viral-k31.zip,"GCA_001271235.1 Salmon gill poxvirus, ViralProj293081",bbd47d767c7db55d94c981797aab6cbf,0.004784688995215311,1000,22,86000,output_dir/fastp/JK3_2.fq.gz,JK3,a6d45d48,14298490000,31,DNA,1000,14298490,True,0.5877385644523503,0.8416985352732509,0.7147185498628006,0.8416985352732509,True,2,1265,22415484
1000,6.993745493405247e-08,0.015384615384615385,6.993745493405247e-08,1.338360572539946e-07,3.0,3.0,0.0,/ceph/db/sourmash/genbank-2022.03-viral-k31.zip,"GCA_002627005.1 Mycobacterium phage Slimphazie, ASM262700v1",1c0a289d426e530e4be49f60c5168706,0.015384615384615385,1000,23,85000,output_dir/fastp/JK3_2.fq.gz,JK3,a6d45d48,14298490000,31,DNA,1000,14298490,True,,,,,True,3,1268,22415484
1000,6.993745493405247e-08,0.0344827586206983,6.993745493405247e-08,4.4612019084664866e-08,1.0,1.0,0.0,/ceph/db/sourmash/genbank-2022.03-viral-k31.zip,"GCA_002593145.1 Lactococcus phage 936 group phage PhiB1127, ASM259314v1",ecb29f8a47e1088ba0c0c520e4083d90,0.0344827586206983,1000,24,84000,output_dir/fastp/JK3_2.fq.gz,JK3,a6d45d48,14298490000,31,DNA,1000,14298490,True,,,,,True,1,1269,22415484
1000,6.993745493405247e-08,0.01818181818181818,6.993745493405247e-08,4.907322099313135e-07,11.0,11.0,0.0,/ceph/db/sourmash/genbank-2022.03-viral-k31.zip,"GCA_012940485.1 Marine virus AFVG_250M23, ASM1294048v1",277756109ebc6df6d6c4281cca4ee38d,0.01818181818181818,1000,25,83000,output_dir/fastp/JK3_2.fq.gz,JK3,a6d45d48,14298490000,31,DNA,1000,14298490,True,,,,,True,11,1280,22415484
1000,6.993745493405247e-08,0.01694915254237288,6.993745493405247e-08,2.2306009542332434e-07,5.0,5.0,0.0,/ceph/db/sourmash/genbank-2022.03-viral-k31.zip,"GCA_019095315.1 Microbacterium phage StrawberryJamm, ASM1909531v1",ee47144caf20395022c4378aea78df8f,0.01694915254237288,1000,26,82000,output_dir/fastp/JK3_2.fq.gz,JK3,a6d45d48,14298490000,31,DNA,1000,14298490,True,,,,,True,5,1285,22415484
1000,6.993745493405247e-08,0.01282051282051282,6.993745493405247e-08,4.4612019084664866e-08,1.0,1.0,0.0,/ceph/db/sourmash/genbank-2022.03-viral-k31.zip,"GCA_019333955.1 Stx2a-converting phage Stx2_3418, ASM1933395v1",bc4bbbc684a8490dec4fa24847183e25,0.01282051282051282,1000,27,81000,output_dir/fastp/JK3_2.fq.gz,JK3,a6d45d48,14298490000,31,DNA,1000,14298490,True,,,,,True,1,1286,22415484
1000,6.993745493405247e-08,0.008403361344537815,6.993745493405247e-08,1.7844807633865946e-07,4.0,4.0,0.0,/ceph/db/sourmash/genbank-2022.03-viral-k31.zip,"GCA_000838125.1 Culex nigripalpus nucleopolyhedrovirus, ViralProj14128",b11131f6da590c0bbc26c61db3d52ba4,0.008403361344537815,1000,28,80000,output_dir/fastp/JK3_2.fq.gz,JK3,a6d45d48,14298490000,31,DNA,1000,14298490,True,0.5877385644523503,0.8571303479677823,0.7224344562100663,0.8571303479677823,True,4,1290,22415484
1000,6.993745493405247e-08,0.005128205128205128,6.993745493405247e-08,1.1599124962012865e-06,26.0,26.0,0.0,/ceph/db/sourmash/genbank-2022.03-viral-k31.zip,"GCA_001745695.1 Skunkpox virus strain=WA, ViralProj344115",072b6b8f4f742a58192e768c351c2646,0.005128205128205128,1000,29,79000,output_dir/fastp/JK3_2.fq.gz,JK3,a6d45d48,14298490000,31,DNA,1000,14298490,True,0.5877385644523503,0.8435831875770912,0.7156608760147207,0.8435831875770912,True,26,1316,22415484
1000,6.993745493405247e-08,0.006493506493506494,6.993745493405247e-08,8.922403816932973e-08,2.0,2.0,0.0,/ceph/db/sourmash/genbank-2022.03-viral-k31.zip,"GCA_013375145.1 Escherichia phage DK-13, ASM1337514v1",758b6e01c2602119ddf6f11b8c23bd49,0.006493506493506494,1000,30,78000,output_dir/fastp/JK3_2.fq.gz,JK3,a6d45d48,14298490000,31,DNA,1000,14298490,True,0.5877385644523503,0.8500310999306979,0.7188848321915241,0.8500310999306979,True,2,1318,22415484
1000,6.993745493405247e-08,0.02631578947368421,6.993745493405247e-08,1.338360572539946e-07,3.0,3.0,0.0,/ceph/db/sourmash/genbank-2022.03-viral-k31.zip,"GCA_903232715.1 freshwater metagenome, UFOv-RE-16jun15-C417",3ee1361684a55d31af48d4b6e56bd7e2,0.02631578947368421,1000,31,77000,output_dir/fastp/JK3_2.fq.gz,JK3,a6d45d48,14298490000,31,DNA,1000,14298490,True,,,,,True,3,1321,22415484
1000,6.993745493405247e-08,0.005319148936170213,6.993745493405247e-08,4.4612019084664866e-08,1.0,1.0,0.0,/ceph/db/sourmash/genbank-2022.03-viral-k31.zip,"GCA_016865665.1 Molluscum contagiosum virus, ASM1686566v1",c146474a02cfaa0f2e5e8d9bfa20edaf,0.005319148936170213,1000,32,76000,output_dir/fastp/JK3_2.fq.gz,JK3,a6d45d48,14298490000,31,DNA,1000,14298490,True,0.5877385644523503,0.8445785928795256,0.7161585786659379,0.8445785928795256,True,1,1322,22415484
1000,6.993745493405247e-08,0.02127659574468085,6.993745493405247e-08,4.4612019084664866e-08,1.0,1.0,0.0,/ceph/db/sourmash/genbank-2022.03-viral-k31.zip,"GCA_013088845.1 uncultured human fecal virus, ASM1308884v1",a1ab3fbabbeb962ae9be1a48122c9d92,0.02127659574468085,1000,33,75000,output_dir/fastp/JK3_2.fq.gz,JK3,a6d45d48,14298490000,31,DNA,1000,14298490,True,,,,,True,1,1323,22415484
1000,6.993745493405247e-08,0.005076142131979695,6.993745493405247e-08,8.922403816932973e-08,2.0,2.0,0.0,/ceph/db/sourmash/genbank-2022.03-viral-k31.zip,"GCA_006452035.1 Akhmeta virus, ASM645203v1",cf0f6c70161aca7b570b74aaf4f96187,0.005076142131979695,1000,34,74000,output_dir/fastp/JK3_2.fq.gz,JK3,a6d45d48,14298490000,31,DNA,1000,14298490,True,0.5877385644523503,0.8433055537121604,0.7155220590822553,0.8433055537121604,True,2,1325,22415484
1000,6.993745493405247e-08,0.02631578947368421,6.993745493405247e-08,4.4612019084664866e-08,1.0,1.0,0.0,/ceph/db/sourmash/genbank-2022.03-viral-k31.zip,"GCA_007923765.1 Pseudomonas phage Ps59, ASM792376v1",62d448dc64d81f3a4641c854e3fd07be,0.02631578947368421,1000,35,73000,output_dir/fastp/JK3_2.fq.gz,JK3,a6d45d48,14298490000,31,DNA,1000,14298490,True,,,,,True,1,1326,22415484
1000,6.993745493405247e-08,0.012987012987012988,6.993745493405247e-08,4.4612019084664866e-08,1.0,1.0,0.0,/ceph/db/sourmash/genbank-2022.03-viral-k31.zip,"GCA_021090335.1 CrAss-like virus sp. strain=cr13_1, ASM2109033v1",172d4da21dfffb8c262c610ebb3df6f8,0.012987012987012988,1000,36,72000,output_dir/fastp/JK3_2.fq.gz,JK3,a6d45d48,14298490000,31,DNA,1000,14298490,True,,,,,True,1,1327,22415484
1000,6.993745493405247e-08,0.003278688524590164,6.993745493405247e-08,4.4612019084664866e-08,1.0,1.0,0.0,/ceph/db/sourmash/genbank-2022.03-viral-k31.zip,"GCA_003093455.1 Paramecium bursaria Chlorella virus OR0704.2.2, ASM309345v1",3fdf8829fdbdd25c9be9a03673bdee8c,0.003278688524590164,1000,37,71000,output_dir/fastp/JK3_2.fq.gz,JK3,a6d45d48,14298490000,31,DNA,1000,14298490,True,0.5877385644523503,0.8314981657188272,0.7096183650855887,0.8314981657188272,True,1,1328,22415484
1000,6.993745493405247e-08,0.005405405405405406,6.993745493405247e-08,4.4612019084664866e-08,1.0,1.0,0.0,/ceph/db/sourmash/genbank-2022.03-viral-k31.zip,"GCA_000886255.1 Pseudalatia unipuncta granulovirus strain=Hawaiin, ViralProj43731",bc3d58f0038f4e5978ea0a9cb241b904,0.005405405405405406,1000,38,70000,output_dir/fastp/JK3_2.fq.gz,JK3,a6d45d48,14298490000,31,DNA,1000,14298490,True,0.5877385644523503,0.8450169649162574,0.7163777646843039,0.8450169649162574,True,1,1329,22415484
1000,6.993745493405247e-08,0.007692307692307693,6.993745493405247e-08,8.922403816932973e-08,2.0,2.0,0.0,/ceph/db/sourmash/genbank-2022.03-viral-k31.zip,"GCA_012923495.1 Banggai cardinalfish iridovirus, ASM1292349v1",7b4890b02bb3ea5f5022fc39a1377710,0.007692307692307693,1000,39,69000,output_dir/fastp/JK3_2.fq.gz,JK3,a6d45d48,14298490000,31,DNA,1000,14298490,True,0.5877385644523503,0.85468932355846,0.7212139440054051,0.85468932355846,True,2,1331,22415484
1000,6.993745493405247e-08,0.022222222222222223,6.993745493405247e-08,4.4612019084664866e-08,1.0,1.0,0.0,/ceph/db/sourmash/genbank-2022.03-viral-k31.zip,"GCA_003958845.1 Escherichia phage 500465-1, ASM395884v1",cc93fea524332b308deabfa4931f75af,0.022222222222222223,1000,40,68000,output_dir/fastp/JK3_2.fq.gz,JK3,a6d45d48,14298490000,31,DNA,1000,14298490,True,,,,,True,1,1332,22415484
1000,6.993745493405247e-08,0.015151515151515152,6.993745493405247e-08,4.4612019084664866e-08,1.0,1.0,0.0,/ceph/db/sourmash/genbank-2022.03-viral-k31.zip,"GCA_002601045.1 Mycobacterium virus Pixie strain=Pixie, ASM260104v1",ed0ac2048fd09a2c1a52d796d6252c69,0.015151515151515152,1000,41,67000,output_dir/fastp/JK3_2.fq.gz,JK3,a6d45d48,14298490000,31,DNA,1000,14298490,True,,,,,True,1,1333,22415484
1000,6.993745493405247e-08,0.07692324966770896,6.993745493405247e-08,0.00015890801197957627,3562.0,3562.0,0.0,/ceph/db/sourmash/genbank-2022.03-viral-k31.zip,"GCA_002219585.1 Ailuropoda melanoleuca papillomavirus 1 strain=gpam001, ViralProj394300",d509accfe8e5623337e7ca86ba9329e6,0.07692324966770896,1000,42,66000,output_dir/fastp/JK3_2.fq.gz,JK3,a6d45d48,14298490000,31,DNA,1000,14298490,True,,,,,True,3562,4895,22415484
1000,6.993745493405247e-08,0.03333333333333641,6.993745493405247e-08,4.4612019084664866e-08,1.0,1.0,0.0,/ceph/db/sourmash/genbank-2022.03-viral-k31.zip,"GCA_013089025.1 uncultured human fecal virus, ASM1308902v1",3a2df6304b3e03e91e7d9eed919a3620,0.03333333333333641,1000,43,65000,output_dir/fastp/JK3_2.fq.gz,JK3,a6d45d48,14298490000,31,DNA,1000,14298490,True,,,,,True,1,4896,22415484
1000,6.993745493405247e-08,0.027027027027027032,6.993745493405247e-08,3.122841335926541e-07,7.0,7.0,0.0,/ceph/db/sourmash/genbank-2022.03-viral-k31.zip,"GCA_002606465.1 Moraxella phage Mcat4, ASM260646v1",762ef5140a0e88b21b6c809751d9dc40,0.027027027027027032,1000,44,64000,output_dir/fastp/JK3_2.fq.gz,JK3,a6d45d48,14298490000,31,DNA,1000,14298490,True,,,,,True,7,4903,22415484
1000,6.993745493405247e-08,0.025,6.993745493405247e-08,8.922403816932973e-08,2.0,2.0,0.0,/ceph/db/sourmash/genbank-2022.03-viral-k31.zip,"GCA_009654875.1 Prokaryotic dsDNA virus sp., ASM965487v1",c1f2761599b1d57b0170f988dffca44a,0.025,1000,45,63000,output_dir/fastp/JK3_2.fq.gz,JK3,a6d45d48,14298490000,31,DNA,1000,14298490,True,,,,,True,2,4905,22415484
1000,6.993745493405247e-08,0.006578947368421052,6.993745493405247e-08,2.676721145079892e-07,6.0,6.0,0.0,/ceph/db/sourmash/genbank-2022.03-viral-k31.zip,"GCA_000865345.1 Papiine alphaherpesvirus 2 strain=X313, ViralProj16246",04dfaa144e470f68736419cac6faf15d,0.006578947368421052,1000,46,62000,output_dir/fastp/JK3_2.fq.gz,JK3,a6d45d48,14298490000,31,DNA,1000,14298490,True,0.5877385644523503,0.8503896166722604,0.7190640905623054,0.8503896166722604,True,6,4911,22415484
1000,6.993745493405247e-08,0.02127659574468085,6.993745493405247e-08,4.4612019084664866e-08,1.0,1.0,0.0,/ceph/db/sourmash/genbank-2022.03-viral-k31.zip,"GCA_013088905.1 uncultured human fecal virus, ASM1308890v1",176e6bfae498e59eee4b84ef09669ea1,0.02127659574468085,1000,47,61000,output_dir/fastp/JK3_2.fq.gz,JK3,a6d45d48,14298490000,31,DNA,1000,14298490,True,,,,,True,1,4912,22415484
1000,6.993745493405247e-08,0.0004083299305839118,6.993745493405247e-08,4.4612019084664866e-08,1.0,1.0,0.0,/ceph/db/sourmash/genbank-2022.03-viral-k31.zip,"GCA_000911955.1 Pandoravirus salinus, ViralProj215788",3682c7069f6e96231253f3b861091357,0.0004083299305839118,1000,48,60000,output_dir/fastp/JK3_2.fq.gz,JK3,a6d45d48,14298490000,31,DNA,1000,14298490,True,0.5877385644523503,0.7774595115087711,0.6825990379805607,0.7774595115087711,True,1,4913,22415484
1000,6.993745493405247e-08,0.03571428571431006,6.993745493405247e-08,4.4612019084664866e-08,1.0,1.0,0.0,/ceph/db/sourmash/genbank-2022.03-viral-k31.zip,"GCA_013089355.1 uncultured human fecal virus, ASM1308935v1",ed2613b4e65b578e866dcfe8ff9b543f,0.03571428571431006,1000,49,59000,output_dir/fastp/JK3_2.fq.gz,JK3,a6d45d48,14298490000,31,DNA,1000,14298490,True,,,,,True,1,4914,22415484
1000,6.993745493405247e-08,0.006993006993006993,6.993745493405247e-08,4.371977870297157e-06,98.0,98.0,0.0,/ceph/db/sourmash/genbank-2022.03-viral-k31.zip,"GCA_003093875.1 Synechococcus phage S-B64, ASM309387v1",92d87149185ba136c298e50f9c1c851e,0.006993006993006993,1000,50,58000,output_dir/fastp/JK3_2.fq.gz,JK3,a6d45d48,14298490000,31,DNA,1000,14298490,True,0.5877385644523503,0.8520655979083449,0.7199020811803476,0.8520655979083449,True,98,5012,22415484
1000,6.993745493405247e-08,0.07142863040894061,6.993745493405247e-08,4.4612019084664866e-08,1.0,1.0,0.0,/ceph/db/sourmash/genbank-2022.03-viral-k31.zip,"GCA_013089925.1 uncultured human fecal virus, ASM1308992v1",868d96e5a870910eae088562280ea9be,0.07142863040894061,1000,51,57000,output_dir/fastp/JK3_2.fq.gz,JK3,a6d45d48,14298490000,31,DNA,1000,14298490,True,,,,,True,1,5013,22415484
1000,6.993745493405247e-08,0.04000000000054861,6.993745493405247e-08,4.4612019084664866e-08,1.0,1.0,0.0,/ceph/db/sourmash/genbank-2022.03-viral-k31.zip,"GCA_903232145.1 freshwater metagenome, UFOv-Jr-28jun17-C1723",76684383024ab727c99022cfebdfcaa9,0.04000000000054861,1000,52,56000,output_dir/fastp/JK3_2.fq.gz,JK3,a6d45d48,14298490000,31,DNA,1000,14298490,True,,,,,True,1,5014,22415484
3000,2.0981236480215743e-07,0.005291005291005291,6.993745493405247e-08,4.4612019084664866e-08,1.0,1.0,0.0,/ceph/db/sourmash/genbank-2022.03-viral-k31.zip,"GCA_003059825.1 Dickeya phage phiDP23.1, ASM305982v1",4668fd5901cde49368b524618d240cd7,0.015873015873015872,1000,53,55000,output_dir/fastp/JK3_2.fq.gz,JK3,a6d45d48,14298490000,31,DNA,1000,14298490,True,0.6089409719576668,0.8748966557597297,0.7419188138586983,0.8748966557597297,True,1,5015,22415484
2000,1.3987490986810494e-07,0.00015603058199407084,6.993745493405247e-08,2.676721145079892e-07,6.0,6.0,0.0,/ceph/db/sourmash/genbank-2022.03-viral-k31.zip,"GCA_002003125.1 uncultured marine virus, ASM200312v1",506eed10e7cf0e380b4c360e7b83ad19,0.0003120611639881417,1000,54,54000,output_dir/fastp/JK3_2.fq.gz,JK3,a6d45d48,14298490000,31,DNA,1000,14298490,True,0.6010281771528466,0.770745430901824,0.6858868040273354,0.770745430901824,True,6,5021,22415484
1000,6.993745493405247e-08,0.04166666666822086,6.993745493405247e-08,4.4612019084664866e-08,1.0,1.0,0.0,/ceph/db/sourmash/genbank-2022.03-viral-k31.zip,"GCA_013089335.1 uncultured human fecal virus, ASM1308933v1",248c76be7c30579a72cf9eea7506d6eb,0.04166666666822086,1000,55,53000,output_dir/fastp/JK3_2.fq.gz,JK3,a6d45d48,14298490000,31,DNA,1000,14298490,True,,,,,True,1,5022,22415484
1000,6.993745493405247e-08,0.02127659574468085,6.993745493405247e-08,4.4612019084664866e-08,1.0,1.0,0.0,/ceph/db/sourmash/genbank-2022.03-viral-k31.zip,"GCA_013088805.1 uncultured human fecal virus, ASM1308880v1",1e4691863c92821e55d026262b932954,0.02127659574468085,1000,56,52000,output_dir/fastp/JK3_2.fq.gz,JK3,a6d45d48,14298490000,31,DNA,1000,14298490,True,,,,,True,1,5023,22415484
1000,6.993745493405247e-08,0.0072992700729927005,6.993745493405247e-08,4.0150817176198383e-07,9.0,9.0,0.0,/ceph/db/sourmash/genbank-2022.03-viral-k31.zip,"GCA_000847945.1 Bovine herpesvirus type 1.1, ViralProj14585",896ebc8cf3c2e6b0b59474e23cb3f767,0.0072992700729927005,1000,57,51000,output_dir/fastp/JK3_2.fq.gz,JK3,a6d45d48,14298490000,31,DNA,1000,14298490,True,0.5877385644523503,0.8532445640228574,0.7204915642376039,0.8532445640228574,True,9,5032,22415484
1000,6.993745493405247e-08,0.01639344262295082,6.993745493405247e-08,4.4612019084664866e-08,1.0,1.0,0.0,/ceph/db/sourmash/genbank-2022.03-viral-k31.zip,"GCA_021863995.1 Gordonia phage Ligma, ASM2186399v1",000fb5b8b5736b9180f415c10b64309c,0.01639344262295082,1000,58,50000,output_dir/fastp/JK3_2.fq.gz,JK3,a6d45d48,14298490000,31,DNA,1000,14298490,True,,,,,True,1,5033,22415484
1000,6.993745493405247e-08,0.0029940119760479044,6.993745493405247e-08,8.922403816932973e-08,2.0,2.0,0.0,/ceph/db/sourmash/genbank-2022.03-viral-k31.zip,"GCA_003093815.1 Paramecium bursaria Chlorella virus MA-1D, ASM309381v1",b835205218eaddda4f38b95b8e77b6c5,0.0029940119760479044,1000,59,49000,output_dir/fastp/JK3_2.fq.gz,JK3,a6d45d48,14298490000,31,DNA,1000,14298490,True,0.5877385644523503,0.829065462731697,0.7084020135920237,0.829065462731697,True,2,5035,22415484
1000,6.993745493405247e-08,0.023809523809523808,6.993745493405247e-08,4.4612019084664866e-08,1.0,1.0,0.0,/ceph/db/sourmash/genbank-2022.03-viral-k31.zip,"GCA_013088965.1 uncultured human fecal virus, ASM1308896v1",d444a29f4202b4ce133b0d37373df3f0,0.023809523809523808,1000,60,48000,output_dir/fastp/JK3_2.fq.gz,JK3,a6d45d48,14298490000,31,DNA,1000,14298490,True,,,,,True,1,5036,22415484
1000,6.993745493405247e-08,0.027777777777777783,6.993745493405247e-08,8.922403816932973e-08,2.0,2.0,0.0,/ceph/db/sourmash/genbank-2022.03-viral-k31.zip,"GCA_013089255.1 uncultured human fecal virus, ASM1308925v1",ea92f8158988925aec7bd98e77c55b30,0.027777777777777783,1000,61,47000,output_dir/fastp/JK3_2.fq.gz,JK3,a6d45d48,14298490000,31,DNA,1000,14298490,True,,,,,True,2,5038,22415484
1000,6.993745493405247e-08,0.0038910505836575876,6.993745493405247e-08,4.4612019084664866e-08,1.0,1.0,0.0,/ceph/db/sourmash/genbank-2022.03-viral-k31.zip,"GCA_000886195.1 Anguillid herpesvirus 1 strain=500138, ViralProj42931",259b83c09f0ce247541d0c8a850f9596,0.0038910505836575876,1000,62,46000,output_dir/fastp/JK3_2.fq.gz,JK3,a6d45d48,14298490000,31,DNA,1000,14298490,True,0.5877385644523503,0.83610384730182,0.7119212058770852,0.83610384730182,True,1,5039,22415484
1000,6.993745493405247e-08,0.019230769230769232,6.993745493405247e-08,1.338360572539946e-07,3.0,3.0,0.0,/ceph/db/sourmash/genbank-2022.03-viral-k31.zip,"GCA_002957575.1 Streptomyces phage Omar, ASM295757v1",7aa920a373c33ea24a62c7120b741fe4,0.019230769230769232,1000,63,45000,output_dir/fastp/JK3_2.fq.gz,JK3,a6d45d48,14298490000,31,DNA,1000,14298490,True,,,,,True,3,5042,22415484
1000,6.993745493405247e-08,0.0036101083032490976,6.993745493405247e-08,4.4612019084664866e-08,1.0,1.0,0.0,/ceph/db/sourmash/genbank-2022.03-viral-k31.zip,"GCA_902731685.1 uncultured phage, BML_PHAGE_37_14",ff92d904451132cf99057047b5d07f68,0.0036101083032490976,1000,64,44000,output_dir/fastp/JK3_2.fq.gz,JK3,a6d45d48,14298490000,31,DNA,1000,14298490,True,0.5877385644523503,0.8340850365304767,0.7109118004914134,0.8340850365304767,True,1,5043,22415484
1000,6.993745493405247e-08,0.00847457627118644,6.993745493405247e-08,4.4612019084664866e-08,1.0,1.0,0.0,/ceph/db/sourmash/genbank-2022.03-viral-k31.zip,"GCA_016835545.1 Rhizobium phage RHph_Y2_11, ASM1683554v1",82e18e7cf4d3c5b38e53a78acd07042a,0.00847457627118644,1000,65,43000,output_dir/fastp/JK3_2.fq.gz,JK3,a6d45d48,14298490000,31,DNA,1000,14298490,True,0.5877385644523503,0.8573637090976588,0.7225511367750046,0.8573637090976588,True,1,5044,22415484
1000,6.993745493405247e-08,0.005649717514124294,6.993745493405247e-08,7.584043244393028e-07,17.0,17.0,0.0,/ceph/db/sourmash/genbank-2022.03-viral-k31.zip,"GCA_000837945.1 Xestia c-nigrum granulovirus, ViralProj14092",4cf97785f4eae073975ea1ed48e05bdd,0.005649717514124294,1000,66,42000,output_dir/fastp/JK3_2.fq.gz,JK3,a6d45d48,14298490000,31,DNA,1000,14298490,True,0.5877385644523503,0.8462228212027628,0.7169806928275566,0.8462228212027628,True,17,5061,22415484
1000,6.993745493405247e-08,0.010309278350515464,6.993745493405247e-08,8.922403816932973e-08,2.0,2.0,0.0,/ceph/db/sourmash/genbank-2022.03-viral-k31.zip,"GCA_015160985.1 crAssphage cr1_1, ASM1516098v1",ba7e09eea7cfa8cfa8f7782111bae330,0.010309278350515464,1000,67,41000,output_dir/fastp/JK3_2.fq.gz,JK3,a6d45d48,14298490000,31,DNA,1000,14298490,True,0.5877385644523503,0.8628008995384324,0.7252697319953914,0.8628008995384324,True,2,5063,22415484
1000,6.993745493405247e-08,0.0029498525073746312,6.993745493405247e-08,4.4612019084664866e-08,1.0,1.0,0.0,/ceph/db/sourmash/genbank-2022.03-viral-k31.zip,"GCA_002827565.1 Paramecium bursaria Chlorella virus CVA-1, ASM282756v1",ea0512f6f1e18d0edf6a3d3b3495734e,0.0029498525073746312,1000,68,40000,output_dir/fastp/JK3_2.fq.gz,JK3,a6d45d48,14298490000,31,DNA,1000,14298490,True,0.5877385644523503,0.8286681651001603,0.7082033647762553,0.8286681651001603,True,1,5064,22415484
1000,6.993745493405247e-08,0.08333384228919224,6.993745493405247e-08,4.4612019084664866e-08,1.0,1.0,0.0,/ceph/db/sourmash/genbank-2022.03-viral-k31.zip,"GCA_003107325.1 Hepacivirus C, ASM310732v1",561ba9539be67c2a9e7a8a0c8b8da48c,0.08333384228919224,1000,69,39000,output_dir/fastp/JK3_2.fq.gz,JK3,a6d45d48,14298490000,31,DNA,1000,14298490,True,,,,,True,1,5065,22415484
1000,6.993745493405247e-08,0.010526315789473684,6.993745493405247e-08,4.4612019084664866e-08,1.0,1.0,0.0,/ceph/db/sourmash/genbank-2022.03-viral-k31.zip,"GCA_013317205.1 Escherichia phage CMS-2020a, ASM1331720v1",d60aa0d6b26a29892e0077a4bb3ae8e9,0.010526315789473684,1000,70,38000,output_dir/fastp/JK3_2.fq.gz,JK3,a6d45d48,14298490000,31,DNA,1000,14298490,True,0.5877385644523503,0.8633809547224346,0.7255597595873924,0.8633809547224346,True,1,5066,22415484
1000,6.993745493405247e-08,0.0037174721189591076,6.993745493405247e-08,8.476283626086325e-07,19.0,19.0,0.0,/ceph/db/sourmash/genbank-2022.03-viral-k31.zip,"GCA_902731445.1 uncultured phage, SALIVA_PHAGE_CIR_50_129",fc7a055793d579c23352d33ac3cee9bc,0.0037174721189591076,1000,71,37000,output_dir/fastp/JK3_2.fq.gz,JK3,a6d45d48,14298490000,31,DNA,1000,14298490,True,0.5877385644523503,0.8348739190913931,0.7113062417718716,0.8348739190913931,True,19,5085,22415484
1000,6.993745493405247e-08,0.003125,6.993745493405247e-08,4.4612019084664866e-08,1.0,1.0,0.0,/ceph/db/sourmash/genbank-2022.03-viral-k31.zip,"GCA_902725965.1 uncultured phage, GWC1_PHAGE_CIR_42_18",3af41a7e83f0b554ae40f2fab1e18b12,0.003125,1000,72,36000,output_dir/fastp/JK3_2.fq.gz,JK3,a6d45d48,14298490000,31,DNA,1000,14298490,True,0.5877385644523503,0.8302114340340913,0.7089749992432208,0.8302114340340913,True,1,5086,22415484
1000,6.993745493405247e-08,0.0029585798816568047,6.993745493405247e-08,4.4612019084664866e-08,1.0,1.0,0.0,/ceph/db/sourmash/genbank-2022.03-viral-k31.zip,"GCA_000922335.1 Aureococcus anophagefferens virus, ViralProj258005",d370d7caa7050f67a6f2a0e11a0d5448,0.0029585798816568047,1000,73,35000,output_dir/fastp/JK3_2.fq.gz,JK3,a6d45d48,14298490000,31,DNA,1000,14298490,True,0.5877385644523503,0.8287471385841186,0.7082428515182344,0.8287471385841186,True,1,5087,22415484
1000,6.993745493405247e-08,0.0294117647058824,6.993745493405247e-08,4.4612019084664866e-08,1.0,1.0,0.0,/ceph/db/sourmash/genbank-2022.03-viral-k31.zip,"GCA_012945855.1 Marine virus AFVG_250M711, ASM1294585v1",5ba8e46ee0ede37dddd3b2938d492519,0.0294117647058824,1000,74,34000,output_dir/fastp/JK3_2.fq.gz,JK3,a6d45d48,14298490000,31,DNA,1000,14298490,True,,,,,True,1,5088,22415484
1000,6.993745493405247e-08,0.002652519893899204,6.993745493405247e-08,4.4612019084664866e-08,1.0,1.0,0.0,/ceph/db/sourmash/genbank-2022.03-viral-k31.zip,"GCA_903231945.1 freshwater metagenome, UFOv-Jr-28jun17-C15",0e40fb1552ebb52367e5b76d8e1ecfa5,0.002652519893899204,1000,75,33000,output_dir/fastp/JK3_2.fq.gz,JK3,a6d45d48,14298490000,31,DNA,1000,14298490,True,0.5877385644523503,0.8258329645690279,0.7067857645106891,0.8258329645690279,True,1,5089,22415484
1000,6.993745493405247e-08,0.04166666666822086,6.993745493405247e-08,4.4612019084664866e-08,1.0,1.0,0.0,/ceph/db/sourmash/genbank-2022.03-viral-k31.zip,"GCA_013089245.1 uncultured human fecal virus, ASM1308924v1",817ad7ce937239d1c8a66caeac686875,0.04166666666822086,1000,76,32000,output_dir/fastp/JK3_2.fq.gz,JK3,a6d45d48,14298490000,31,DNA,1000,14298490,True,,,,,True,1,5090,22415484
1000,6.993745493405247e-08,0.006024096385542169,6.993745493405247e-08,1.338360572539946e-07,3.0,3.0,0.0,/ceph/db/sourmash/genbank-2022.03-viral-k31.zip,"GCA_015918475.1 Streptomyces phage EhyElimayoE, ASM1591847v1",4241ac34dc73b1a7654ba1c6d6baba5c,0.006024096385542169,1000,77,31000,output_dir/fastp/JK3_2.fq.gz,JK3,a6d45d48,14298490000,31,DNA,1000,14298490,True,0.5877385644523503,0.8479760963258929,0.7178573303891216,0.8479760963258929,True,3,5093,22415484
1000,6.993745493405247e-08,0.027777777777777783,6.993745493405247e-08,5.353442290159784e-07,12.0,12.0,0.0,/ceph/db/sourmash/genbank-2022.03-viral-k31.zip,"GCA_902983545.1 freshwater metagenome, UFOv-Jr-28aug17-C1109",540bf69c82f70507e62e61b89c9c4cf3,0.027777777777777783,1000,78,30000,output_dir/fastp/JK3_2.fq.gz,JK3,a6d45d48,14298490000,31,DNA,1000,14298490,True,,,,,True,12,5105,22415484
1000,6.993745493405247e-08,0.0026041666666666665,6.993745493405247e-08,4.4612019084664866e-08,1.0,1.0,0.0,/ceph/db/sourmash/genbank-2022.03-viral-k31.zip,"GCA_902731515.1 uncultured phage, STL6-S73_PHAGE_47_16",9dde1edc98fee59f28954beabeb27a19,0.0026041666666666665,1000,79,29000,output_dir/fastp/JK3_2.fq.gz,JK3,a6d45d48,14298490000,31,DNA,1000,14298490,True,0.5877385644523503,0.8253430083369003,0.7065407863946254,0.8253430083369003,True,1,5106,22415484
1000,6.993745493405247e-08,0.0196078431372549,6.993745493405247e-08,1.338360572539946e-07,3.0,3.0,0.0,/ceph/db/sourmash/genbank-2022.03-viral-k31.zip,"GCA_003183345.1 Microbacterium phage Paschalis, ASM318334v1",93a35ad2e58e017575a7f0398b1d3229,0.0196078431372549,1000,80,28000,output_dir/fastp/JK3_2.fq.gz,JK3,a6d45d48,14298490000,31,DNA,1000,14298490,True,,,,,True,3,5109,22415484
1000,6.993745493405247e-08,0.0029239766081871343,6.993745493405247e-08,3.122841335926541e-07,7.0,7.0,0.0,/ceph/db/sourmash/genbank-2022.03-viral-k31.zip,"GCA_003093615.1 Paramecium bursaria Chlorella virus NW665.2, ASM309361v1",be48b3190a05026e37c1d9462686b8b4,0.0029239766081871343,1000,81,27000,output_dir/fastp/JK3_2.fq.gz,JK3,a6d45d48,14298490000,31,DNA,1000,14298490,True,0.5877385644523503,0.8284326795874143,0.7080856220198823,0.8284326795874143,True,7,5116,22415484
1000,6.993745493405247e-08,0.01694915254237288,6.993745493405247e-08,8.922403816932973e-08,2.0,2.0,0.0,/ceph/db/sourmash/genbank-2022.03-viral-k31.zip,"GCA_004284815.1 Streptococcus phage phi-m46.1, ASM428481v1",403bdfa26837831bc42209a1597910c0,0.01694915254237288,1000,82,26000,output_dir/fastp/JK3_2.fq.gz,JK3,a6d45d48,14298490000,31,DNA,1000,14298490,True,,,,,True,2,5118,22415484
1000,6.993745493405247e-08,0.004901960784313725,6.993745493405247e-08,4.4612019084664866e-08,1.0,1.0,0.0,/ceph/db/sourmash/genbank-2022.03-viral-k31.zip,"GCA_902725675.1 uncultured phage, SP_PHAGE_CIR_52_25",a3625704810e435d71dc87568f2a8d7c,0.004901960784313725,1000,83,25000,output_dir/fastp/JK3_2.fq.gz,JK3,a6d45d48,14298490000,31,DNA,1000,14298490,True,0.5877385644523503,0.842356247129977,0.7150474057911637,0.842356247129977,True,1,5119,22415484
1000,6.993745493405247e-08,0.007936507936507936,6.993745493405247e-08,1.338360572539946e-07,3.0,3.0,0.0,/ceph/db/sourmash/genbank-2022.03-viral-k31.zip,"GCA_000839325.1 Ictalurid herpesvirus 1 strain=Auburn 1, ViralProj14018",1a208d899d377b083deae18c4f365a53,0.007936507936507936,1000,84,24000,output_dir/fastp/JK3_2.fq.gz,JK3,a6d45d48,14298490000,31,DNA,1000,14298490,True,0.5877385644523503,0.8555514101456471,0.7216449872989987,0.8555514101456471,True,3,5122,22415484
1000,6.993745493405247e-08,0.0007704160246533128,6.993745493405247e-08,4.4612019084664866e-08,1.0,1.0,0.0,/ceph/db/sourmash/genbank-2022.03-viral-k31.zip,"GCA_003815135.1 Acanthamoeba polyphaga mimivirus, ASM381513v1",182e5181239b16a7f4b06e59556a5245,0.0007704160246533128,1000,85,23000,output_dir/fastp/JK3_2.fq.gz,JK3,a6d45d48,14298490000,31,DNA,1000,14298490,True,0.5877385644523503,0.7935454102895757,0.690641987370963,0.7935454102895757,True,1,5123,22415484
1000,6.993745493405247e-08,0.02127659574468085,6.993745493405247e-08,8.922403816932973e-08,2.0,2.0,0.0,/ceph/db/sourmash/genbank-2022.03-viral-k31.zip,"GCA_012936895.1 Marine virus AFVG_250M101, ASM1293689v1",36eb7e631dcb4d624bcab826a06d6646,0.02127659574468085,1000,86,22000,output_dir/fastp/JK3_2.fq.gz,JK3,a6d45d48,14298490000,31,DNA,1000,14298490,True,,,,,True,2,5125,22415484
1000,6.993745493405247e-08,0.008403361344537815,6.993745493405247e-08,8.922403816932973e-08,2.0,2.0,0.0,/ceph/db/sourmash/genbank-2022.03-viral-k31.zip,"GCA_002623525.1 Bradyrhizobium phage BDU-MI-1, ASM262352v1",6e02f728d4e7bd46337139565fae3420,0.008403361344537815,1000,87,21000,output_dir/fastp/JK3_2.fq.gz,JK3,a6d45d48,14298490000,31,DNA,1000,14298490,True,0.5877385644523503,0.8571303479677823,0.7224344562100663,0.8571303479677823,True,2,5127,22415484
1000,6.993745493405247e-08,0.0007656967840735069,6.993745493405247e-08,1.73986874430193e-06,39.0,39.0,0.0,/ceph/db/sourmash/genbank-2022.03-viral-k31.zip,"GCA_002966255.1 Hokovirus HKV1, ASM296625v1",8586a60f9b2abceac01ff879afdb6665,0.0007656967840735069,1000,88,20000,output_dir/fastp/JK3_2.fq.gz,JK3,a6d45d48,14298490000,31,DNA,1000,14298490,True,0.5877385644523503,0.7933881397343449,0.6905633520933476,0.7933881397343449,True,39,5166,22415484
1000,6.993745493405247e-08,0.009900990099009901,6.993745493405247e-08,1.7844807633865946e-07,4.0,4.0,0.0,/ceph/db/sourmash/genbank-2022.03-viral-k31.zip,"GCA_020535725.1 Bacteriophage sp., ASM2053572v1",fc7f49b56be65f3ddfd1125ad3c8def7,0.009900990099009901,1000,89,19000,output_dir/fastp/JK3_2.fq.gz,JK3,a6d45d48,14298490000,31,DNA,1000,14298490,True,0.5877385644523503,0.8616769423836175,0.7247077534179839,0.8616769423836175,True,4,5170,22415484
1000,6.993745493405247e-08,0.005747126436781609,6.993745493405247e-08,5.9780105573450925e-06,134.0,134.0,0.0,/ceph/db/sourmash/genbank-2022.03-viral-k31.zip,"GCA_903232575.1 freshwater metagenome, UFOv-Jr-28jun17-C84",5dc7f0120033f8a2ec09f5d0ad5df4ae,0.005747126436781609,1000,90,18000,output_dir/fastp/JK3_2.fq.gz,JK3,a6d45d48,14298490000,31,DNA,1000,14298490,True,0.5877385644523503,0.8466895853573394,0.7172140749048448,0.8466895853573394,True,134,5304,22415484
1000,6.993745493405247e-08,0.07142863040894061,6.993745493405247e-08,1.293748553455281e-06,29.0,29.0,0.0,/ceph/db/sourmash/genbank-2022.03-viral-k31.zip,"GCA_000954755.2 Mulberry vein banding virus, ViralMultiSegProj277203",1193d7747b395ddbb495aa6e357edbe2,0.07142863040894061,1000,91,17000,output_dir/fastp/JK3_2.fq.gz,JK3,a6d45d48,14298490000,31,DNA,1000,14298490,True,,,,,True,29,5333,22415484
1000,6.993745493405247e-08,0.024390243902439025,6.993745493405247e-08,1.338360572539946e-07,3.0,3.0,0.0,/ceph/db/sourmash/genbank-2022.03-viral-k31.zip,"GCA_020474905.1 Salmonella phage vB_SalP_ABTNLsp11242, ASM2047490v1",ae64561907e7490b0b6a3c6e28817402,0.024390243902439025,1000,92,16000,output_dir/fastp/JK3_2.fq.gz,JK3,a6d45d48,14298490000,31,DNA,1000,14298490,True,,,,,True,3,5336,22415484
1000,6.993745493405247e-08,0.024390243902439025,6.993745493405247e-08,4.4612019084664866e-08,1.0,1.0,0.0,/ceph/db/sourmash/genbank-2022.03-viral-k31.zip,"GCA_902989435.1 freshwater metagenome, UFOv-RE-9nov16-C2143",ace7d2cbbdca1a9edc3df2a734f15040,0.024390243902439025,1000,93,15000,output_dir/fastp/JK3_2.fq.gz,JK3,a6d45d48,14298490000,31,DNA,1000,14298490,True,,,,,True,1,5337,22415484
1000,6.993745493405247e-08,0.02,6.993745493405247e-08,8.030163435239677e-07,18.0,18.0,0.0,/ceph/db/sourmash/genbank-2022.03-viral-k31.zip,"GCA_020523135.1 Escherichia phage ULINTec4, ASM2052313v1",3214e68ef97c62950363aaa7f19dbc0b,0.02,1000,94,14000,output_dir/fastp/JK3_2.fq.gz,JK3,a6d45d48,14298490000,31,DNA,1000,14298490,True,,,,,True,18,5355,22415484
1000,6.993745493405247e-08,0.1111247633815629,6.993745493405247e-08,8.922403816932973e-08,2.0,2.0,0.0,/ceph/db/sourmash/genbank-2022.03-viral-k31.zip,"GCA_004133925.1 Canine papillomavirus 21 strain=Lab_P1, ASM413392v1",27507c26c610fc7a7d7f6312429d0566,0.1111247633815629,1000,95,13000,output_dir/fastp/JK3_2.fq.gz,JK3,a6d45d48,14298490000,31,DNA,1000,14298490,True,,,,,True,2,5357,22415484
1000,6.993745493405247e-08,0.03333333333333641,6.993745493405247e-08,4.4612019084664866e-08,1.0,1.0,0.0,/ceph/db/sourmash/genbank-2022.03-viral-k31.zip,"GCA_013086015.1 uncultured human fecal virus, ASM1308601v1",7515ca32786941b68a4e96f48cf7868c,0.03333333333333641,1000,96,12000,output_dir/fastp/JK3_2.fq.gz,JK3,a6d45d48,14298490000,31,DNA,1000,14298490,True,,,,,True,1,5358,22415484
1000,6.993745493405247e-08,0.014705882352941176,6.993745493405247e-08,4.4612019084664866e-08,1.0,1.0,0.0,/ceph/db/sourmash/genbank-2022.03-viral-k31.zip,"GCA_013088695.1 uncultured human fecal virus, ASM1308869v1",d0243374616224f0fc2c441729d479b2,0.014705882352941176,1000,97,11000,output_dir/fastp/JK3_2.fq.gz,JK3,a6d45d48,14298490000,31,DNA,1000,14298490,True,,,,,True,1,5359,22415484
2000,1.3987490986810494e-07,3.5378192881907595e-05,6.993745493405247e-08,4.4612019084664866e-08,1.0,1.0,0.0,/ceph/db/sourmash/genbank-2022.03-viral-k31.zip,"GCA_002003185.1 uncultured marine virus, ASM200318v1",60084b9292a032224b971bc48c152244,7.075638576381519e-05,1000,98,10000,output_dir/fastp/JK3_2.fq.gz,JK3,a6d45d48,14298490000,31,DNA,1000,14298490,True,0.6010281771528466,0.7347193406316205,0.6678737588922335,0.7347193406316205,True,1,5360,22415484
1000,6.993745493405247e-08,0.05263157923946246,6.993745493405247e-08,8.922403816932973e-08,2.0,2.0,0.0,/ceph/db/sourmash/genbank-2022.03-viral-k31.zip,"GCA_021351755.1 Salmonella phage ZC-S1_prp, ASM2135175v1",a878e12267b75ecd2850664ebebd8291,0.05263157923946246,1000,99,9000,output_dir/fastp/JK3_2.fq.gz,JK3,a6d45d48,14298490000,31,DNA,1000,14298490,True,,,,,True,2,5362,22415484
1000,6.993745493405247e-08,0.025,6.993745493405247e-08,4.4612019084664866e-08,1.0,1.0,0.0,/ceph/db/sourmash/genbank-2022.03-viral-k31.zip,"GCA_005891405.1 Bacteriophage sp., ASM589140v1",eeaf657ffa1fde7a726924c584ecafe4,0.025,1000,100,8000,output_dir/fastp/JK3_2.fq.gz,JK3,a6d45d48,14298490000,31,DNA,1000,14298490,True,,,,,True,1,5363,22415484
1000,6.993745493405247e-08,0.0064516129032258064,6.993745493405247e-08,8.922403816932973e-08,2.0,2.0,0.0,/ceph/db/sourmash/genbank-2022.03-viral-k31.zip,"GCA_000846365.1 Human betaherpesvirus 6B strain=Z29, ViralProj14422",9e6d426315eec6197ff02fbeec797522,0.0064516129032258064,1000,101,7000,output_dir/fastp/JK3_2.fq.gz,JK3,a6d45d48,14298490000,31,DNA,1000,14298490,True,0.5877385644523503,0.8498536397920565,0.7187961021222034,0.8498536397920565,True,2,5365,22415484
1000,6.993745493405247e-08,0.02127659574468085,6.993745493405247e-08,4.4612019084664866e-08,1.0,1.0,0.0,/ceph/db/sourmash/genbank-2022.03-viral-k31.zip,"GCA_021089975.1 Pseudomonas phage SC_8_H2H8_2017, ASM2108997v1",116bbc8280be240f2936d0f2603fa6e7,0.02127659574468085,1000,102,6000,output_dir/fastp/JK3_2.fq.gz,JK3,a6d45d48,14298490000,31,DNA,1000,14298490,True,,,,,True,1,5366,22415484
1000,6.993745493405247e-08,0.0125,6.993745493405247e-08,8.476283626086325e-07,19.0,19.0,0.0,/ceph/db/sourmash/genbank-2022.03-viral-k31.zip,"GCA_002743555.1 Mycobacterium phage Finemlucis, ASM274355v1",f6fe97381c270a8dcb8832f4b7e51fc7,0.0125,1000,103,5000,output_dir/fastp/JK3_2.fq.gz,JK3,a6d45d48,14298490000,31,DNA,1000,14298490,True,,,,,True,19,5385,22415484
1000,6.993745493405247e-08,0.021739130434782608,6.993745493405247e-08,1.338360572539946e-07,3.0,3.0,0.0,/ceph/db/sourmash/genbank-2022.03-viral-k31.zip,"GCA_012936995.1 Marine virus AFVG_250M1019, ASM1293699v1",5654a4a6cac8f47f767b73927fba2fe6,0.021739130434782608,1000,104,4000,output_dir/fastp/JK3_2.fq.gz,JK3,a6d45d48,14298490000,31,DNA,1000,14298490,True,,,,,True,3,5388,22415484
1000,6.993745493405247e-08,0.0344827586206983,6.993745493405247e-08,4.4612019084664866e-08,1.0,1.0,0.0,/ceph/db/sourmash/genbank-2022.03-viral-k31.zip,"GCA_012615845.1 Bacteriophage sp., ASM1261584v1",a1fac8d7a01897220b98ad489daaae40,0.0344827586206983,1000,105,3000,output_dir/fastp/JK3_2.fq.gz,JK3,a6d45d48,14298490000,31,DNA,1000,14298490,True,,,,,True,1,5389,22415484
1000,6.993745493405247e-08,0.03125000000000039,6.993745493405247e-08,4.4612019084664866e-08,1.0,1.0,0.0,/ceph/db/sourmash/genbank-2022.03-viral-k31.zip,"GCA_012599335.1 Bacteriophage sp., ASM1259933v1",c639b576154256d0f753442a6b9c2fc2,0.03125000000000039,1000,106,2000,output_dir/fastp/JK3_2.fq.gz,JK3,a6d45d48,14298490000,31,DNA,1000,14298490,True,,,,,True,1,5390,22415484
1000,6.993745493405247e-08,0.0007987220447284345,6.993745493405247e-08,4.4612019084664866e-08,1.0,1.0,0.0,/ceph/db/sourmash/genbank-2022.03-viral-k31.zip,"GCA_002966405.1 Bodo saltans virus strain=NG1, ASM296640v1",d7c904da1c92e7da32784069210bf619,0.0007987220447284345,1000,107,1000,output_dir/fastp/JK3_2.fq.gz,JK3,a6d45d48,14298490000,31,DNA,1000,14298490,True,0.5877385644523503,0.7944695925426009,0.6911040784974756,0.7944695925426009,True,1,5391,22415484
1000,6.993745493405247e-08,0.007246376811594203,6.993745493405247e-08,8.922403816932973e-08,2.0,2.0,0.0,/ceph/db/sourmash/genbank-2022.03-viral-k31.zip,"GCA_002814715.1 Bubaline alphaherpesvirus 1 strain=b6, ASM281471v1",1bebbeacb791e6325d3f34108bd68f29,0.007246376811594203,1000,108,0,output_dir/fastp/JK3_2.fq.gz,JK3,a6d45d48,14298490000,31,DNA,1000,14298490,True,0.5877385644523503,0.8530444119420326,0.7203914881971915,0.8530444119420326,True,2,5393,22415484
